date,day,week,asset,platform,post_time
2026-07-13,1,1,"videos/01-friendship-is-follow-up","TikTok + IG Reels + YT Shorts","6-9pm ET"
2026-07-13,1,1,"facebook/fb01-newcity-8months (softer version)","Facebook group","7-9pm ET"
2026-07-14,2,1,"carousels/01-seven-social-reps","Instagram carousel","12-2pm ET"
2026-07-14,2,1,"reddit/d01-second-interaction","Reddit","9-11am ET"
2026-07-15,3,1,"videos/02-need-a-loop-not-events","TikTok + IG Reels + YT Shorts","6-9pm ET"
2026-07-16,4,1,"static-posts/01-quote-logistics","IG feed + FB page","11am ET"
2026-07-16,4,1,"facebook/fb02-newcity-anchors-ask (softer version)","Facebook group","7-9pm ET"
2026-07-17,5,1,"videos/03-weak-ties-die","TikTok + IG Reels + YT Shorts","6-9pm ET"
2026-07-18,6,1,"reddit/d02-become-a-regular","Reddit","9-11am ET"
2026-07-19,7,1,"static-posts/02-quote-loop","IG feed + FB page","11am ET"
2026-07-20,8,2,"videos/04-become-a-regular","TikTok + IG Reels + YT Shorts","6-9pm ET"
2026-07-20,8,2,"facebook/fb03-newcity-honest","Facebook group","7-9pm ET"
2026-07-21,9,2,"carousels/02-why-weak-ties-die","Instagram carousel","12-2pm ET"
2026-07-21,9,2,"reddit/d03-follow-up-scripts","Reddit","9-11am ET"
2026-07-22,10,2,"videos/05-second-interaction","TikTok + IG Reels + YT Shorts","6-9pm ET"
2026-07-23,11,2,"static-posts/03-quote-weak-ties","IG feed + FB page","11am ET"
2026-07-23,11,2,"facebook/fb04-friendship-secondinteraction","Facebook group","7-9pm ET"
2026-07-24,12,2,"videos/06-stop-collecting-events","TikTok + IG Reels + YT Shorts","6-9pm ET"
2026-07-25,13,2,"reddit/d04-moved-cities-8-months","Reddit","9-11am ET"
2026-07-26,14,2,"static-posts/04-quote-regular","IG feed + FB page","11am ET"
2026-07-27,15,3,"videos/07-one-decision-weekend","TikTok + IG Reels + YT Shorts","6-9pm ET"
2026-07-27,15,3,"facebook/fb05-friendship-regular","Facebook group","7-9pm ET"
2026-07-28,16,3,"carousels/15-how-orbit-works","Instagram carousel","12-2pm ET"
2026-07-28,16,3,"reddit/v01-biggest-blocker","Reddit","9-11am ET"
2026-07-29,17,3,"videos/08-reps-not-motivation","TikTok + IG Reels + YT Shorts","6-9pm ET"
2026-07-30,18,3,"static-posts/05-quote-reps","IG feed + FB page","11am ET"
2026-07-30,18,3,"facebook/fb06-friendship-35","Facebook group","7-9pm ET"
2026-07-31,19,3,"videos/19-orbit-in-30-seconds","TikTok + IG Reels + YT Shorts","6-9pm ET"
2026-08-01,20,3,"reddit/v02-event-apps-gap","Reddit","9-11am ET"
2026-08-02,21,3,"static-posts/06-quote-second-interaction","IG feed + FB page","11am ET"
2026-08-03,22,4,"videos/09-friendships-die-quietly","TikTok + IG Reels + YT Shorts","6-9pm ET"
2026-08-03,22,4,"facebook/fb07-divorce-couplefriends","Facebook group","7-9pm ET"
2026-08-04,23,4,"carousels/03-follow-up-after-meeting-once","Instagram carousel","12-2pm ET"
2026-08-04,23,4,"reddit/v03-would-you-track","Reddit","9-11am ET"
2026-08-05,24,4,"videos/10-72-hour-rule","TikTok + IG Reels + YT Shorts","6-9pm ET"
2026-08-06,25,4,"static-posts/07-quote-die-quietly","IG feed + FB page","11am ET"
2026-08-06,25,4,"facebook/fb08-divorce-fortyplus","Facebook group","7-9pm ET"
2026-08-07,26,4,"videos/11-after-35-operationally-annoying","TikTok + IG Reels + YT Shorts","6-9pm ET"
2026-08-08,27,4,"reddit/v04-30-day-structure","Reddit","9-11am ET"
2026-08-09,28,4,"static-posts/08-quote-one-decision","IG feed + FB page","11am ET"
2026-08-10,29,5,"videos/12-remote-work-broke-rhythm","TikTok + IG Reels + YT Shorts","6-9pm ET"
2026-08-10,29,5,"facebook/fb09-introvert-exitrule","Facebook group","7-9pm ET"
2026-08-11,30,5,"carousels/04-recurring-beats-random","Instagram carousel","12-2pm ET"
2026-08-11,30,5,"reddit/v05-paying-for-outcome","Reddit","9-11am ET"
